file,example_sku,value_in_document,why_no_line,title
4B-Replacement-Mailbox-Information-1-1.pdf,140052A +2,FlorenceMailboxes.com,"a website, not a company",Replacement Mailbox Products
PP-Large-Plaque.pdf,PP-Large-Plaque,postandporch.com,"a website, not a company",Installation Manual
florence_postal_to_private_conversion_kit_installation_guide-1-2.pdf,1570-12 +22,Florencemailboxes.com,"a website, not a company",Installation Manual
architectural-mailboxes-basic-post-with-decorative-cover-installation-instructions.pdf,7507 +2,The MailboxWorks,names MailboxWorks itself,Assembly Instructions
janzer-doublepost-installation1.pdf,JDP,MailboxWorks,names MailboxWorks itself,Installation & Assembly
janzer-post-installation1.pdf,JB-JP,MailboxWorks,names MailboxWorks itself,Installation & Assembly
mail-safe-instructions1.pdf,MSPMAILSAFE,MailboxWorks,names MailboxWorks itself,Assembly Instructions
E4-Installation.pdf,E4,,no manufacturer named in the document,Installation Instructions
Newspaper-Holder-6-Assembly-Instructions_Revised-2.pdf,IMM119,,no manufacturer named in the document,Installation Manual
Newspaper-Holder-6-Assembly-Instructions_Revised-4.pdf,IMM631-IMM631EST,,no manufacturer named in the document,Installation Manual
Newspaper-Holder-6-Assembly-Instructions_Revised-5.pdf,IMM188,,no manufacturer named in the document,Installation Manual
PP-Curb-Planter.pdf,PP-Curb-Planter,,no manufacturer named in the document,Installation Manual
dvault-frontaccess-installation3.pdf,DVCS0023,,no manufacturer named in the document,Installation Instructions
ecco-7-installation1.pdf,E7,,no manufacturer named in the document,Installation Manual
gaines-classic-installation1.pdf,CL,,no manufacturer named in the document,Installation Manual
grande-s-round.pdf,BobiGrandeS-Config +35,,no manufacturer named in the document,Installation Manual
mailbox-deluxe-post-assembly-instructions.pdf,WH-DXE-FLW-COONLEY-PKG1 +1,,no manufacturer named in the document,Mailbox Deluxe Post Assembly Instructions
mailbox-standard-post-assembly-instructions.pdf,WH-160xx +4,,no manufacturer named in the document,Assembly Instructions
salsbury-vertical-mailbox-installation-instructions.pdf,3503 +4,,no manufacturer named in the document,Product Specification Sheet
streetscape-maintenance.pdf,SI-155L,,no manufacturer named in the document,Maintenance Guidelines
whitehall-quad-post-installation-instructions.pdf,WH-WP-Quad,,no manufacturer named in the document,Quad or Triple Mount Mailbox Post Assembly Instructions
6-Post-Mounting-Instructions_Revised.pdf,IMZP6,The Mailbox Works,"reads as the seller, not the manufacturer",Mounting Mailbox
Brass-Numbers-Assembly-Instructions_Revised-4.pdf,IMM311,The Mailbox Works,"reads as the seller, not the manufacturer",Brass Numbers Install Instructions
Brass-Numbers-Assembly-Instructions_Revised-5.pdf,IMM631-IMM631EST,The Mailbox Works,"reads as the seller, not the manufacturer",Brass Numbers Install Instructions
Imperial-Brass-Numbers_Revised.pdf,888K +3,The Mailbox Works,"reads as the seller, not the manufacturer",Self-Stick Numbers
Large-Hinge-Assembly-Instructions-MBW.pdf,Hinge-LG +1,The Mailbox Works,"reads as the seller, not the manufacturer",Large Hinge Installation
Newspaper-Holder-6-Assembly-Instructions_Revised-3.pdf,IMM311,The Mailbox Works,"reads as the seller, not the manufacturer",Installation Guide
Newspaper-Holder-6-Assembly-Instructions_Revised-6.pdf,IMM719,The Mailbox Works,"reads as the seller, not the manufacturer",Installation Guide
Newspaper-Holder-6-Assembly-Instructions_Revised-7.pdf,IMM227,The Mailbox Works,"reads as the seller, not the manufacturer",Installation Guide
Newspaper-Holder-6-Assembly-Instructions_Revised.pdf,888K +2,The Mailbox Works,"reads as the seller, not the manufacturer",Installation Guide
amco-colonialpedestal-assembly1.pdf,VM-280,The Mailbox Works,"reads as the seller, not the manufacturer",Assembly Instructions
amco-victorian-pedestal-assembly.pdf,VM-2,The Mailbox Works,"reads as the seller, not the manufacturer",Assembly Instructions
architectural-mailboxes-centennial-post-mount-mailbox-installation-instructions.pdf,950020 +4,The Mailbox Works,"reads as the seller, not the manufacturer",Mailbox Mounting Instructions
architectural-mailboxes-pacifica-mailbox-post-instllation-instructions.pdf,7516 +2,The Mailbox Works,"reads as the seller, not the manufacturer",Assembly Instructions
architectural-mailboxes-standard-post-installation-instructions.pdf,5100 +18,The Mailbox Works,"reads as the seller, not the manufacturer",Assembly Instructions
architecturalmailboxes-lagunahousenumbers-installation1.pdf,3582AB +7,The Mailbox Works,"reads as the seller, not the manufacturer",House Number Installation
authflorence-120collectionbox-installation1.pdf,Model-120SP,The Mailbox Works,"reads as the seller, not the manufacturer",Installation Instructions
european-home-mail-slot-installation-instructions.pdf,EHLMAILSLOT,The Mailbox Works,"reads as the seller, not the manufacturer",Mounting & Maintenance
florence-classic-vogue-cbu-accessory-crown-moulding-cap-instructions.pdf,1570-12V +7,The Mailbox Works,"reads as the seller, not the manufacturer",Assembly Instructions
florence-classic-vogue-cbu-accessory-pillar-pedestal-cover-instructions.pdf,1570-12V +7,The Mailbox Works,"reads as the seller, not the manufacturer",Assembly Instructions
florence-traditional-vogue-cbu-accessory-column-pedestal-cover-instructions.pdf,1570-12V2 +8,The Mailbox Works,"reads as the seller, not the manufacturer",Installation Instructions
florence-traditional-vogue-cbu-accessory-finial-cap-instructions.pdf,1570-12V2 +8,The Mailbox Works,"reads as the seller, not the manufacturer",Installation Instructions
gaines-standardpost-installation1.pdf,KS-20S +6,The Mailbox Works,"reads as the seller, not the manufacturer",Installation and Assembly Instructions
guide-to-salsbury-vertical-mailboxes.pdf,3503 +4,The Mailbox Works,"reads as the seller, not the manufacturer",Vertical Mailboxes
houseart-numberletter-dimensions1.pdf,HAN-BB +19,The Mailbox Works,"reads as the seller, not the manufacturer",Dimensions For HouseArt Address Numbers And Letters
janzer-mailbox-installation1.pdf,JB-JP +1,The Mailbox Works,"reads as the seller, not the manufacturer",The Janzer Mailbox Installation
mailboss-metro-installation.pdf,mb-metro,The Mailbox Works,"reads as the seller, not the manufacturer",Installation of Metro mailbox
mailboss-townhouse-installation.pdf,mb-townhouse,The Mailbox Works,"reads as the seller, not the manufacturer",Installation of Townhouse mailbox
manchester-installation-instructions1.pdf,CHWCOLUMN-CHWMANCH,The Mailbox Works,"reads as the seller, not the manufacturer",Installation Instructions
multi-mount-oasis.pdf,5103-post-5112 +7,The Mailbox Works,"reads as the seller, not the manufacturer",Mounting and Use Instructions
qualarc-cbustuccocolumn-instructions1.pdf,STUC-CBU-12 +3,The Mailbox Works,"reads as the seller, not the manufacturer",Assembly Instructions
salsbury-parcel-drop-installation1.pdf,SID4955,The Mailbox Works,"reads as the seller, not the manufacturer",Installation Instructions
vertical-mailbox-installation-instructions1.pdf,12503HA +4,The Mailbox Works,"reads as the seller, not the manufacturer",Installation Instructions
whitehall-lawn-marker-solar-lamp-installation-instructions.pdf,WH-1094 +27,The Mailbox Works,"reads as the seller, not the manufacturer",Illuminator Post Instructions
whitehall-mailbox-plaqueattachment1.pdf,WH-WP-Trip,The Mailbox Works,"reads as the seller, not the manufacturer",Assembly Instructions
whitehall-wallmount-lockinginsertremoval.pdf,WH-160,The Mailbox Works,"reads as the seller, not the manufacturer",Instructions for Removing Locking Lid
